{"v26": {"all": {"track": 451.7739562988281, "vmax": 16.26475715637207, "pres": 12.516316413879395, "rmw": 10.648611068725586, "radii": 22.985857009887695}, "ocean": {"track": 450.2113342285156, "vmax": 16.50176429748535, "pres": 12.683712005615234, "rmw": 10.570728302001953, "radii": 22.983137130737305}}, "use_ocean": 1, "n_seeds": 10, "n_ocean": 3598, "oversample": 0.0}