{"v27": {"all": {"track": 445.8983154296875, "vmax": 16.76030158996582, "pres": 12.441838264465332, "rmw": 10.805206298828125, "radii": 22.3222599029541}, "ocean": {"track": 444.0432434082031, "vmax": 17.185110092163086, "pres": 12.76423168182373, "rmw": 10.631624221801758, "radii": 22.4122314453125}}, "use_hist": 1, "use_env": 1, "use_ocean": 1, "n_seeds": 10, "n_ocean": 3509, "ocean_source": "GODAS"}