{"v27abl": {"all": {"track": 439.1364440917969, "vmax": 16.19770622253418, "pres": 12.165032386779785, "rmw": 10.77436637878418, "radii": 22.07380485534668}, "ocean": {"track": 436.7160949707031, "vmax": 16.58092498779297, "pres": 12.447439193725586, "rmw": 10.610060691833496, "radii": 22.175865173339844}}, "use_hist": 1, "use_env": 0, "use_ocean": 0, "n_seeds": 10, "n_ocean": 3509, "ocean_source": "GODAS"}