{
 "v21_vs_v20": {
  "delta": -8.84973452099456,
  "ci": [
   -18.304106677282427,
   1.3116118727588664
  ],
  "p": 0.094,
  "wins": 80,
  "n_storms": 144
 },
 "v22_vs_v21": {
  "delta": -0.21383496481399789,
  "ci": [
   -6.2203620657587395,
   5.377365635804766
  ],
  "p": 0.939,
  "wins": 74,
  "n_storms": 144
 },
 "v22_vs_v20": {
  "delta": -9.063569485808557,
  "ci": [
   -18.76236567337689,
   0.44873265178443167
  ],
  "p": 0.066,
  "wins": 85,
  "n_storms": 144
 }
}