{
 "v20": {
  "plain": 452.4692077636719,
  "cal": 451.2633590539479,
  "gain": [
   1.0029395818710327,
   1.0015449523925781,
   0.9984759092330933,
   0.9935998320579529,
   0.9890686869621277,
   0.9851568937301636,
   0.9818229675292969,
   0.9790589809417725,
   0.9773523211479187,
   0.9761009812355042,
   0.975063681602478,
   0.974330484867096,
   0.9735257029533386,
   0.9728614687919617,
   0.9723889827728271,
   0.9717064499855042,
   0.9710593223571777,
   0.9701981544494629,
   0.9690554141998291,
   0.9671403169631958
  ]
 },
 "v21": {
  "plain": 443.6194763183594,
  "cal": 443.37182923756905,
  "gain": [
   1.014717698097229,
   1.0136319398880005,
   1.0131909847259521,
   1.0109896659851074,
   1.007958173751831,
   1.004576325416565,
   1.0012469291687012,
   0.997662365436554,
   0.9947417378425598,
   0.9925493001937866,
   0.9910617470741272,
   0.9899606108665466,
   0.9889267683029175,
   0.98820960521698,
   0.9878808856010437,
   0.9876802563667297,
   0.9876459240913391,
   0.9872074127197266,
   0.986280083656311,
   0.9845540523529053
  ]
 },
 "v22": {
  "plain": 443.4056396484375,
  "cal": 442.81700611617885,
  "gain": [
   1.010010004043579,
   1.0121413469314575,
   1.0134936571121216,
   1.0122920274734497,
   1.0100520849227905,
   1.0072803497314453,
   1.0044258832931519,
   1.0010615587234497,
   0.9978516697883606,
   0.9950146079063416,
   0.9924585819244385,
   0.9903838038444519,
   0.9887120723724365,
   0.9871936440467834,
   0.9856395721435547,
   0.9840123653411865,
   0.9825952649116516,
   0.9810307025909424,
   0.9790999293327332,
   0.9763709306716919
  ]
 }
}