{
 "validation": {
  "mean_N_120": -70.59017181396484,
  "sd_N_120": 674.7354736328125,
  "mean_E_120": -47.90530776977539,
  "sd_E_120": 806.7061767578125
 },
 "test": {
  "mean_N_120": -18.581832885742188,
  "sd_N_120": 669.2320556640625,
  "mean_E_120": 28.153972625732422,
  "sd_E_120": 927.5057983398438
 }
}