{
 "v10": {
  "track": 549.3046875,
  "vmax": 18.3377685546875,
  "pres": 13.782365798950195,
  "rmw": 12.194310188293457,
  "radii": 23.757789611816406
 },
 "v21": {
  "track": 443.6194763183594,
  "vmax": 16.76551628112793,
  "pres": 12.987534523010254,
  "rmw": 10.7879056930542,
  "radii": 21.9671573638916
 },
 "v23": {
  "track": 434.96124267578125,
  "vmax": 16.116331100463867,
  "pres": 12.166778564453125,
  "rmw": 10.751834869384766,
  "radii": 22.394329071044922
 },
 "v25": {
  "track": 451.8574523925781,
  "vmax": 16.940404891967773,
  "pres": 12.468340873718262,
  "rmw": 10.761178016662598,
  "radii": 22.791210174560547
 },
 "v27": {
  "track": 445.89837646484375,
  "vmax": 16.7604923248291,
  "pres": 12.44193172454834,
  "rmw": 10.80520248413086,
  "radii": 22.322282791137695
 },
 "v26": {
  "track": 451.7739562988281,
  "vmax": 16.26475715637207,
  "pres": 12.516316413879395,
  "rmw": 10.648611068725586,
  "radii": 22.985857009887695,
  "source": "colab (checkpoints lost)"
 },
 "v26abl": {
  "track": 452.93,
  "vmax": 17.12,
  "pres": 12.5,
  "rmw": 10.71,
  "radii": 22.89,
  "source": "colab (checkpoints lost)"
 },
 "v27abl": {
  "track": 439.1364440917969,
  "vmax": 16.19770622253418,
  "pres": 12.165032386779785,
  "rmw": 10.77436637878418,
  "radii": 22.07380485534668,
  "source": "colab (checkpoints lost)"
 }
}