{
 "n_val_storms": 117,
 "n_test_storms": 144,
 "y": 0.3418803418803419,
 "linear_a": 0.03366843387625368,
 "mp_signal_kept": 17,
 "joint": {
  "empirical": {
   "cov": {
    "0.5": 0.3958333333333333,
    "0.67": 0.5069444444444444,
    "0.9": 0.6319444444444444,
    "0.95": 0.6458333333333334
   },
   "reliab": 0.20986111111111114,
   "logdet": 131.55209350585938
  },
  "diagonal": {
   "cov": {
    "0.5": 0.4583333333333333,
    "0.67": 0.5694444444444444,
    "0.9": 0.8125,
    "0.95": 0.9027777777777778
   },
   "reliab": 0.06923611111111112,
   "logdet": 407.58978271484375
  },
  "linear": {
   "cov": {
    "0.5": 0.375,
    "0.67": 0.5763888888888888,
    "0.9": 0.8263888888888888,
    "0.95": 0.8958333333333334
   },
   "reliab": 0.08659722222222224,
   "logdet": 351.8108466157933
  },
  "rmt_mp": {
   "cov": {
    "0.5": 0.3888888888888889,
    "0.67": 0.6041666666666666,
    "0.9": 0.7361111111111112,
    "0.95": 0.8472222222222222
   },
   "reliab": 0.11090277777777778,
   "logdet": 178.90635681152344
  }
 },
 "cone": {
  "empirical": {
   "cov90": 0.8083333333333333,
   "area": 1262109.75,
   "area120": 4730305.5
  },
  "diagonal": {
   "cov90": 0.8315972222222221,
   "area": 1599326.375,
   "area120": 6365113.0
  },
  "linear": {
   "cov90": 0.8100694444444445,
   "area": 1266917.7873633993,
   "area120": 4738266.218987943
  },
  "rmt_mp": {
   "cov90": 0.8083333333333333,
   "area": 1262112.5,
   "area120": 4730304.0
  }
 },
 "gaussian_cone_cov90": 0.8197916666666666
}