{"v10": {"track": {"all": [75260, 549.3046875, 0.0]}, "vmax": {"TD <34": [13784, 14.668676376342773, 12.065731048583984], "TS 34-63": [23898, 11.509652137756348, 3.5140342712402344], "Cat1-2": [14499, 17.161958694458008, -11.396758079528809], "Cat3": [5562, 28.527767181396484, -27.083209991455078], "Cat4-5": [7665, 41.0545768737793, -40.553672790527344]}, "pressure": {"TD <34": [13784, 11.244288444519043, -7.929103851318359], "TS 34-63": [23898, 10.803011894226074, -6.304178237915039], "Cat1-2": [14499, 12.387425422668457, 1.7201765775680542], "Cat3": [5562, 18.058631896972656, 13.833468437194824], "Cat4-5": [7665, 27.171287536621094, 25.022411346435547]}, "rmw": {"TD <34": [13761, 17.096139907836914, -13.560688018798828], "TS 34-63": [23866, 13.874439239501953, -10.04980182647705], "Cat1-2": [14499, 9.334390640258789, -2.018186092376709], "Cat3": [5562, 7.597041130065918, 1.6253668069839478], "Cat4-5": [7665, 6.908459663391113, -0.0884232446551323]}, "radii": {"TD <34": [76, 50.17718505859375, 13.452085494995117], "TS 34-63": [103676, 31.96053123474121, 10.017184257507324], "Cat1-2": [155001, 21.44818687438965, -2.7756192684173584], "Cat3": [61612, 20.805503845214844, -4.9101738929748535], "Cat4-5": [83064, 19.995046615600586, -9.713496208190918]}, "speed": {"slow <15": [31137, 5.978829383850098, 4.228733062744141], "15-25": [25202, 5.8674635887146, -2.2707173824310303], "25-35": [11487, 10.051840782165527, -8.586233139038086], "fast >=35": [7434, 24.001375198364258, -22.92527198791504]}, "heading": {"slow <15": [21737, 41.23340606689453, 3.731619119644165], "15-25": [25202, 29.573421478271484, 5.053043365478516], "25-35": [11487, 20.82098960876465, 0.6848536729812622], "fast >=35": [7434, 24.751415252685547, -8.060297012329102]}}, "v13": {"track": {"all": [75260, 554.5635375976562, 0.0]}, "vmax": {"TD <34": [13784, 13.892618179321289, 13.200295448303223], "TS 34-63": [23898, 10.185209274291992, 3.200965404510498], "Cat1-2": [14499, 17.328798294067383, -11.456449508666992], "Cat3": [5562, 27.506546020507812, -26.028785705566406], "Cat4-5": [7665, 38.244380950927734, -37.7604866027832]}, "pressure": {"TD <34": [13784, 9.685887336730957, -3.322525978088379], "TS 34-63": [23898, 10.86235523223877, -2.2091634273529053], "Cat1-2": [14499, 14.73452091217041, 3.614511013031006], "Cat3": [5562, 19.99421501159668, 13.170629501342773], "Cat4-5": [7665, 26.42064666748047, 21.822586059570312]}, "rmw": {"TD <34": [13761, 14.165815353393555, -6.883681774139404], "TS 34-63": [23866, 11.518792152404785, -2.426663875579834], "Cat1-2": [14499, 9.954682350158691, 4.815639019012451], "Cat3": [5562, 10.406160354614258, 8.682183265686035], "Cat4-5": [7665, 7.8994035720825195, 6.304901599884033]}, "radii": {"TD <34": [76, 50.27283477783203, 13.54813289642334], "TS 34-63": [103676, 31.83975601196289, 9.727191925048828], "Cat1-2": [155001, 20.272411346435547, -2.791339635848999], "Cat3": [61612, 19.71268653869629, -4.067818641662598], "Cat4-5": [83064, 19.22035026550293, -8.004216194152832]}, "speed": {"slow <15": [31137, 6.993021488189697, 5.408807277679443], "15-25": [25202, 6.0901713371276855, -1.9875012636184692], "25-35": [11487, 10.25947093963623, -8.65908145904541], "fast >=35": [7434, 21.838125228881836, -20.416589736938477]}, "heading": {"slow <15": [21737, 40.004451751708984, 3.4359123706817627], "15-25": [25202, 29.150821685791016, 4.976606369018555], "25-35": [11487, 20.768360137939453, 1.3461346626281738], "fast >=35": [7434, 24.042503356933594, -4.191871166229248]}}, "v14": {"track": {"all": [75260, 489.25341796875, 0.0]}, "vmax": {"TD <34": [13784, 14.322949409484863, 13.441272735595703], "TS 34-63": [23898, 10.660981178283691, 3.4155702590942383], "Cat1-2": [14499, 17.408218383789062, -10.521039009094238], "Cat3": [5562, 26.77758026123047, -24.3494815826416], "Cat4-5": [7665, 37.396949768066406, -36.76304626464844]}, "pressure": {"TD <34": [13784, 13.83373737335205, -12.33903694152832], "TS 34-63": [23898, 14.022810935974121, -11.082135200500488], "Cat1-2": [14499, 14.451231956481934, -6.369847774505615], "Cat3": [5562, 16.883689880371094, 3.0837206840515137], "Cat4-5": [7665, 22.053482055664062, 12.349419593811035]}, "rmw": {"TD <34": [13761, 14.880842208862305, -8.52122688293457], "TS 34-63": [23866, 11.182876586914062, -2.9072818756103516], "Cat1-2": [14499, 9.791893005371094, 5.063615322113037], "Cat3": [5562, 10.297121047973633, 8.987669944763184], "Cat4-5": [7665, 8.102437019348145, 7.088423252105713]}, "radii": {"TD <34": [76, 45.23356246948242, 10.611091613769531], "TS 34-63": [103676, 30.583253860473633, 5.090295791625977], "Cat1-2": [155001, 20.35038185119629, -7.974424362182617], "Cat3": [61612, 19.98043441772461, -9.905597686767578], "Cat4-5": [83064, 20.692731857299805, -14.269189834594727]}, "speed": {"slow <15": [31137, 6.16750955581665, 4.476922512054443], "15-25": [25202, 5.749788761138916, -1.957953929901123], "25-35": [11487, 8.953265190124512, -7.313704013824463], "fast >=35": [7434, 21.286155700683594, -20.70121955871582]}, "heading": {"slow <15": [21737, 38.72248458862305, -1.4688109159469604], "15-25": [25202, 28.142919540405273, 3.1095192432403564], "25-35": [11487, 21.118810653686523, 0.20824092626571655], "fast >=35": [7434, 23.171812057495117, -4.521589279174805]}}, "v14.1": {"track": {"all": [75260, 500.2121276855469, 0.0]}, "vmax": {"TD <34": [13784, 14.523690223693848, 13.953341484069824], "TS 34-63": [23898, 10.34126091003418, 4.334726333618164], "Cat1-2": [14499, 16.832975387573242, -10.530107498168945], "Cat3": [5562, 26.836111068725586, -24.8898868560791], "Cat4-5": [7665, 37.73701477050781, -37.2410888671875]}, "pressure": {"TD <34": [13784, 12.938243865966797, -11.830208778381348], "TS 34-63": [23898, 12.41953182220459, -9.793693542480469], "Cat1-2": [14499, 12.760109901428223, -3.2217037677764893], "Cat3": [5562, 16.20840072631836, 7.698163032531738], "Cat4-5": [7665, 22.552026748657227, 18.024168014526367]}, "rmw": {"TD <34": [13761, 13.919153213500977, -3.353776693344116], "TS 34-63": [23866, 11.955934524536133, 1.7463027238845825], "Cat1-2": [14499, 12.148550033569336, 9.484787940979004], "Cat3": [5562, 13.925537109375, 13.141735076904297], "Cat4-5": [7665, 11.409406661987305, 10.89388656616211]}, "radii": {"TD <34": [76, 49.92833709716797, 22.56520652770996], "TS 34-63": [103676, 32.257266998291016, 11.741104125976562], "Cat1-2": [155001, 20.51202392578125, -2.821603298187256], "Cat3": [61612, 20.181743621826172, -4.246082782745361], "Cat4-5": [83064, 19.6322078704834, -8.681451797485352]}, "speed": {"slow <15": [31137, 6.193215370178223, 4.461125373840332], "15-25": [25202, 5.927967071533203, -2.786501407623291], "25-35": [11487, 10.26217269897461, -8.87827205657959], "fast >=35": [7434, 21.931598663330078, -21.161029815673828]}, "heading": {"slow <15": [21737, 38.90270233154297, 1.3080440759658813], "15-25": [25202, 28.2091007232666, 3.395310640335083], "25-35": [11487, 19.99542236328125, -0.22100518643856049], "fast >=35": [7434, 23.60224151611328, -3.302839517593384]}}}